First Name,Last Name,E-Mail,Phone Number,Address 1,Address2,City,State,Zip,Country,Comments,Account Number,Taxable,Company Name
Bob 1,Smith,bsmith@nowhere.com,585-555-1111,123 Nowhere Street,Apt 4,Awesome,NY,11111,USA,Awesome guy,,y,Apple 1
Bob 2,Smith,bsmith@nowhere.com,585-555-1112,124 Nowhere Street,Apt 5,Awesome,NY,11112,USA,Awesome guy,,y,Apple 2
Bob 3,Smith,bsmith@nowhere.com,585-555-1113,125 Nowhere Street,Apt 6,Awesome,NY,11113,USA,Awesome guy,,y,Apple 3
Bob 4,Smith,bsmith@nowhere.com,585-555-1114,126 Nowhere Street,Apt 7,Awesome,NY,11114,USA,Awesome guy,,y,Apple 4
Bob 5,Smith,bsmith@nowhere.com,585-555-1115,127 Nowhere Street,Apt 8,Awesome,NY,11115,USA,Awesome guy,,y,Apple 5
Bob 6,Smith,bsmith@nowhere.com,585-555-1116,128 Nowhere Street,Apt 9,Awesome,NY,11116,USA,Awesome guy,,y,Apple 6
Bob 7,Smith,bsmith@nowhere.com,585-555-1117,129 Nowhere Street,Apt 10,Awesome,NY,11117,USA,Awesome guy,,y,Apple 7
Bob 8,Smith,bsmith@nowhere.com,585-555-1118,130 Nowhere Street,Apt 11,Awesome,NY,11118,USA,Awesome guy,,y,Apple 8
Bob 9,Smith,bsmith@nowhere.com,585-555-1119,131 Nowhere Street,Apt 12,Awesome,NY,11119,USA,Awesome guy,,y,Apple 9
Bob 10,Smith,bsmith@nowhere.com,585-555-1120,132 Nowhere Street,Apt 13,Awesome,NY,11120,USA,Awesome guy,,y,Apple 10
Bob 11,Smith,bsmith@nowhere.com,585-555-1121,133 Nowhere Street,Apt 14,Awesome,NY,11121,USA,Awesome guy,,y,Apple 11
Bob 12,Smith,bsmith@nowhere.com,585-555-1122,134 Nowhere Street,Apt 15,Awesome,NY,11122,USA,Awesome guy,,y,Apple 12
